path,file_name,letter,image_based,decision_date,request_date,table,table_pages,articles,request,decision,note
/home/julian/GitHub/uva-thesis-document-splitting/data/test/Bes-6.pdf,Bes-6.pdf,0,0,,,,,,,,
/home/julian/GitHub/uva-thesis-document-splitting/data/test/Bes-7.pdf,Bes-7.pdf,0,0,,,,,,,,
/home/julian/GitHub/uva-thesis-document-splitting/data/test/Bes-9.pdf,Bes-9.pdf,0,0,,,,,,,,
/home/julian/GitHub/uva-thesis-document-splitting/data/test/Bes-19+(1).pdf,Bes-19+(1).pdf,0,0,,,,,,,,
/home/julian/GitHub/uva-thesis-document-splitting/data/test/Bes-20-0084+Besluit.pdf,Bes-20-0084+Besluit.pdf,1,0,30-12-2020,28-9-2020,0,,"10,11",openbaarmaking van informatie over het verlichtingsplan van het Windpark N33 en de daarbij behorende goedkeuring. Daarnaast wilt u alle informatie hebben over het door u aangemelde incident met nummer 200826-000021 van 27 augustus 2020 betreffende de obstakelverlichting van het Windpark N33.,Ik heb besloten uw verzoek deels te honoreren. Voor het overige wijs ik uw verzoek af.,
/home/julian/GitHub/uva-thesis-document-splitting/data/test/Bes-31.+32.+33.+36.+.pdf,Bes-31.+32.+33.+36.+.pdf,0,0,,,,,,,,
/home/julian/GitHub/uva-thesis-document-splitting/data/test/Bes-189-Besluit-Wob-verzoek-rapport-Rathenau+Instituut.pdf,Bes-189-Besluit-Wob-verzoek-rapport-Rathenau+Instituut.pdf,1,0,13-7-2021,8-4-2021,0,,"1,3,6,7,10,11","de totstandkoming van het rapport ‘Het ammoniakdossier: op weg naar herstel van een geschonden relatie’, opgesteld door het Rathenau Instituut in opdracht van de minister van Landbouw, Natuur en Voedselkwaliteit. 10.2.e @minlnv.nl Ons kenmerk DGA-SKI / 21165506 Uw kenmerk Bijlage(n) 3 U vraagt om alle documenten met betrekking tot de (interne) communicatie tussen het ministerie van LNV en het Rathenau Instituut over het samenstellen van het rapport en na afronding van het rapport.","Ik heb besloten deels aan uw verzoek tegemoet te komen en de informatie waarom u verzocht, opgenomen in de documenten met nummers 24 en 27a geheel openbaar te maken. Ik heb besloten de documenten met de overige nummers deels openbaar te maken.",
/home/julian/GitHub/uva-thesis-document-splitting/data/test/Bes-210526-beslissing-op-bezwaar-wob-crkbo.pdf,Bes-210526-beslissing-op-bezwaar-wob-crkbo.pdf,0,0,,,,,,,,
/home/julian/GitHub/uva-thesis-document-splitting/data/test/Bes-210914+verstrekt+aan+verzoeker+21-0032+3a.pdf,Bes-210914+verstrekt+aan+verzoeker+21-0032+3a.pdf,0,0,,,,,,,,
/home/julian/GitHub/uva-thesis-document-splitting/data/test/Bes-210914+verstrekt+aan+verzoeker+21-0032+6b.pdf,Bes-210914+verstrekt+aan+verzoeker+21-0032+6b.pdf,0,0,,,,,,,,
/home/julian/GitHub/uva-thesis-document-splitting/data/test/Bes-210914+verstrekt+aan+verzoeker+21-0032+7.pdf,Bes-210914+verstrekt+aan+verzoeker+21-0032+7.pdf,0,0,,,,,,,,
/home/julian/GitHub/uva-thesis-document-splitting/data/test/Bes-beslissing+op+bezwaar+tegen+besluit+op+Wob-verzoek+over+conceptrapport+als+de+prooi+de+jager+pakt.pdf,Bes-beslissing+op+bezwaar+tegen+besluit+op+Wob-verzoek+over+conceptrapport+als+de+prooi+de+jager+pakt.pdf,0,0,,,,,,,,
/home/julian/GitHub/uva-thesis-document-splitting/data/test/Bes-Beslissing+op+bezwaar+Wob-besluit+dieraantallen+en+diercategorieân.pdf,Bes-Beslissing+op+bezwaar+Wob-besluit+dieraantallen+en+diercategorieân.pdf,0,0,,,,,,,,
/home/julian/GitHub/uva-thesis-document-splitting/data/test/Bes-Beslissing-op-bezwaar-Wob-verzoek-ABDUP-overleg.pdf,Bes-Beslissing-op-bezwaar-Wob-verzoek-ABDUP-overleg.pdf,0,0,,,,,,,,
/home/julian/GitHub/uva-thesis-document-splitting/data/test/Bes-Beslissing+op+Wob-verzoek+inzake+heffing+in+box+3+buitenlands+onroerend+goed+deel2.pdf,Bes-Beslissing+op+Wob-verzoek+inzake+heffing+in+box+3+buitenlands+onroerend+goed+deel2.pdf,0,0,,,,,,,,
/home/julian/GitHub/uva-thesis-document-splitting/data/test/Bes-Beslissing+Wob-verzoek+Nederlands+fiscaal+vestigingsklimaat+2-3+deel+3.pdf,Bes-Beslissing+Wob-verzoek+Nederlands+fiscaal+vestigingsklimaat+2-3+deel+3.pdf,0,0,,,,,,,,
/home/julian/GitHub/uva-thesis-document-splitting/data/test/Bes-besluit.pdf,Bes-besluit.pdf,1,0,22-3-2021,1-9-2020,0,,10,"de staatssteun aan de KLM en de garantstelling van de overheid. U verzoekt mijn ministerie om informatie betrekking hebbend op de precieze voorwaarden op het gebied van publieke belangen, netwerkkwaliteit, leefbaarheid en duurzaamheid.",Ik heb besloten om uw verzoek af te wijzen en het document niet openbaar te maken.,
/home/julian/GitHub/uva-thesis-document-splitting/data/test/Bes-besluit-20-0941.pdf,Bes-besluit-20-0941.pdf,1,0,6-4-2021,11-12-2020,1,7,,een bepaalde veehouderij over de jaren 2019 en 2020.,Ik heb besloten (deels) aan uw verzoek tegemoet te komen en de informatie deels openbaar te maken.,
/home/julian/GitHub/uva-thesis-document-splitting/data/test/Bes-besluit-2021-26.pdf,Bes-besluit-2021-26.pdf,1,1,29-7-2021,13-5-2021,0,,"1,6,10",de gehandicapten- parkeerkaart. U vraagt om alle documenten die betrekking hebben op de totstandkoming van de afstandsnorm van 100 meter om voor een gehandicaptenparkeerkaart in aanmerking te komen zoals opgenomen in de Regeling gehandicaptenparkeer- kaart. Daarnaast verzoekt u om informatie inzake de eisen die gesteld worden aan de medische keuring door de GGD-arts ten behoeve van de afgifte van een gehandicaptenparkeerkaart.,"Ik heb besloten uw Wob-verzoek af te wijzen, omdat geen documenten waarom u in uw verzoek heeft gevraagd bij mijn ministerie berusten.",part image-based PDF
/home/julian/GitHub/uva-thesis-document-splitting/data/test/Bes-Besluit+2020-101+A.pdf,Bes-Besluit+2020-101+A.pdf,1,1,26-11-2020,25-6-2020,1,9,"1,6,10","documenten met betrekking tot het bedrijf De Veldinger Maten te Den Velde. U vraagt specifiek om de aan- en afgevoerde mest met totaaloverzicht van dit bedrijf over de jaren 2018, 2019 en 2020, daarnaast vraagt u de door het bedrijf ingediende aanvullende gegevens landbouwbedrijven (AGL) over de jaren 2017, 2018 en 2019. Tenslotte wilt u een overzicht van de gereigstreerde varkensrechten over de jaren 2018, 2019 en 2020.","Ik heb besloten deels aan uw verzoek tegemoet te komen en de informatie waar u om heeft verzocht, opgenomen in de documenten met nummers 1 toten met 6 gedeeltelijk openbaar te maken. Het document met nummer 7 maak ik in zijn geheel openbaar.",part image-based PDF
/home/julian/GitHub/uva-thesis-document-splitting/data/test/Bes-Besluit+inzake+Wob-verzoek+Boerenprotest+Wijster.pdf,Bes-Besluit+inzake+Wob-verzoek+Boerenprotest+Wijster.pdf,1,0,19-10-2020,15-9-2020,0,,"10,11",documenten met betrekking tot het boerenprotest bij Attero in Wijster op 8 juli 2020 en de daarop volgende arrestatie van tientallen mensen aan de XXX in Wijster.,"Ik heb besloten om uw verzoek af te wijzen aangezien verstrekking van de documenten integraal moet worden geweigerd vanwege toepassing van artikel 10, tweede lid, en artikel 11, eerste lid, van de Wob.",
/home/julian/GitHub/uva-thesis-document-splitting/data/test/Bes-Besluit+op+het+Wob-verzoek+inzake+evaluatie+Kifid+2020.pdf,Bes-Besluit+op+het+Wob-verzoek+inzake+evaluatie+Kifid+2020.pdf,1,0,14-12-2020,29-9-2020,1,5,"10,11","de evaluatie van het Klachteninstituut Financiële Dienstverlening (hierna: Kifid) die dit jaar heeft plaatsgevonden. U vraagt om het besluit van de minister van Financiën (hierna: de minister) inzake de evaluatie van het Kifid, en indien beschikbaar, andere informatie die ziet op de evaluatie van het Kifid, met betrekking tot de reikwijdte, de duur, de samenstelling van de klankbordgroep en de notulen van de overleggen van de klankbordgroep.",Ik besluit de door u gevraagde informatie gedeeltelijk openbaar te maken.,
/home/julian/GitHub/uva-thesis-document-splitting/data/test/Bes-besluit-op-wob-verzoek-5-voor-publicatie.pdf,Bes-besluit-op-wob-verzoek-5-voor-publicatie.pdf,1,0,1-4-2021,22-9-2020,0,,"1,3,10,11","openbaarmaking van: - - - - “alle communicatie tussen vertegenwoordigers - ambtenaren en bewindspersonen - van het ministerie van Justitie en Veiligheid onderling over de bruiloft van de minister en het overtreden van corona-regels daar”; “alle correspondentie tussen vertegenwoordigers van het ministerie van Justitie en Veiligheid en vertegenwoordigers van het Openbaar Ministerie (OM) over de bruiloft van de minister en het overtreden van corona-regels daar” “alle correspondentie tussen vertegenwoordigers van andere ministeries en vertegenwoordigers van het Openbaar Ministerie (OM) over de bruiloft van de minister en het overtreden van corona-regels daar” en “alle communicatie tussen vertegenwoordigers van het ministerie van Justitie en Veiligheid en vertegenwoordigers van andere ministeries over de bruiloft van de minister en het overtreden van corona-regels daar. Dus ook correspondentie met het ministerie van Algemene Zaken en premier Rutte.” U benadrukt hierbij dat hieronder ook vallen e-mails, memo's en brieven.","Ik heb besloten deels aan uw verzoek tegemoet te komen en de informatie waarom u verzocht gedeeltelijk openbaar te maken, voor zover deze niet reeds openbaar is.",
/home/julian/GitHub/uva-thesis-document-splitting/data/test/Bes-Besluit+op+Wob-verzoek+FSV+zwarte+lijsten.pdf,Bes-Besluit+op+Wob-verzoek+FSV+zwarte+lijsten.pdf,1,0,27-1-2021,24-7-2020,0,,"10,11","FSV, zwarte lijsten en andere applicaties die kunnen leiden tot “selectie- bias”.",Ik besluit de door u gevraagde informatie gedeeltelijk openbaar te maken.,
/home/julian/GitHub/uva-thesis-document-splitting/data/test/Bes-Besluit+op+Wob-verzoek+mbt+de+beantwoording+van+Kamervragen+inzake+een+tv-uitzending+van+Medialogica.pdf,Bes-Besluit+op+Wob-verzoek+mbt+de+beantwoording+van+Kamervragen+inzake+een+tv-uitzending+van+Medialogica.pdf,1,0,12-11-2020,22-7-2019,0,,"10,11","(de beantwoording van) Kamervragen naar aanleiding van een uitzending van het tv-programma Medialogica van 28 april 2019 over het tv-programma Ontvoerd. U verzoekt daarbij specifiek om: a. alle correspondentie van het Ministerie van Justitie en Veiligheid met het Ministerie van Buitenlandse Zaken in het kader van de beantwoording van de genoemde Kamervragen; b. alle correspondentie van het Ministerie van Justitie en Veiligheid met het Ministerie Onderwijs, Cultuur en Wetenschap in het kader van de beantwoording van de genoemde Kamervragen; c. alle correspondentie met de Nationale Politie in het kader van [de beantwoording van] de genoemde Kamervragen; d. alle correspondentie van het Ministerie van Justitie en Veiligheid met (medewerkers) van Simpel Media/Ontvoerd in het kader van de beantwoording van de genoemde Kamervragen; e. alle documenten van het Ministerie van Justitie en Veiligheid met het Openbaar ministerie/College van Procureurs-Generaal in het kader met van de beantwoording van de genoemde Kamervragen; f. alle documenten in het kader van departementale afstemming met het Ministerie van Buitenlandse Zaken in het kader van de beantwoording van de genoemde Kamervragen; g. alle conceptbrieven aan de Tweede Kamer met betrekking tot de genoemde Kamervragen; h. alle notulen, verslagen, brieven, e-mails, memos, notulen, en anderszins benoemde documenten en ander materiaal in dit kader.","Ik heb besloten deels aan uw verzoek tegemoet te komen en een deel van de aangetroffen documenten gedeeltelijk openbaar te maken, voor zover deze niet reeds openbaar zijn.",
/home/julian/GitHub/uva-thesis-document-splitting/data/test/Bes-Besluit+op+Wob-verzoek+naar+aanleiding+van+een+klokkenluidersbrief+over+de+Dienst+Justitiâle+Inrichtingen.pdf,Bes-Besluit+op+Wob-verzoek+naar+aanleiding+van+een+klokkenluidersbrief+over+de+Dienst+Justitiâle+Inrichtingen.pdf,1,0,19-1-2021,22-5-2019,0,,"1,3,10,11",openbaarmaking van informatie over - kort gezegd- uw brief van 17 april 2019.,"Ik heb besloten deels aan uw verzoek tegemoet te komen en de informatie waarom u heeft verzocht, zoals opgenomen in de inventarislijsten, openbaar te maken met uitzondering van de daarin opgenomen: • persoonsgegevens; • informatie die kan leiden tot onevenredige bevoordeling of benadeling van bij de aangelegenheid betrokken natuurlijke personen of rechtspersonen dan wel van derden; • informatie ten behoeve van intern beraad die persoonlijke beleidsopvattingen bevat; • uw eigen correspondentie (brieven, e-mails) en correspondentie aan u gericht (brieven, e-mails enz.).",
/home/julian/GitHub/uva-thesis-document-splitting/data/test/Bes-Besluit+op+Wob-verzoek+Nelson.pdf,Bes-Besluit+op+Wob-verzoek+Nelson.pdf,1,0,8-7-2021,3-5-2021,0,,"1,10,11","documentatie over het strafrechtelijk onderzoek Nelson en deelonderzoeken Vanguard, Wadi en Gali. Uw verzoek heeft betrekking op alle correspondentie bij of onder het ministerie van Justitie en Veiligheid in de periode 1 januari 2016 tot en met 3 mei 2021. Meer specifiek heeft uw verzoek betrekking op: Bij beantwoording de datum en ons kenmerk vermelden. Wilt u slechts één zaak in uw brief behandelen. de besluitvorming rond vervolging en/of een hoge transactie met SHV en/of dochterbedrijven; de politieke omstandigheden rond dit onderzoek; de besluitvorming rond het toepassen van kortingspercentages voor meewerken en zelfmeldingen; de rol van door bedrijven ingehuurde advocatenkantoren en de status van de interne onderzoeken naar mogelijke misstanden; - correspondentie met en/of over de betrokken bedrijven SHV en dochterondernemingen Mammoet, Eriks, Econosto, Nutreco, De Brauw Blackstone Westbroek, Allen & Overy en betrokken advocaten; - correspondentie met het College van procureurs-generaal, het ministerie van Financiën, de Belastingdienst,.opsporingsdienst FIOD en het Openbaar Ministerie.","Ik heb besloten deels aan uw verzoek tegemoet te komen en de informatie waar u om hebt verzocht, opgenomen in de documenten met de volgende nummers, gedeeltelijk openbaar te maken: - 1 t/m 3, 5 t/m 7, 9 t/m 11, 13 t/m 15, 22 t/m 25, 27 t/m 29 en 31 t/m 34. Ik heb daarnaast besloten de informatie waar u om hebt verzocht, opgenomen in de documenten met de volgende nummers, niet openbaar te maken: - 8, 12, 16 en 26. De documenten met de nummers 4, 17 t/m 21 en 30 zijn reeds openbaar en vallen daarmee niet onder de reikwijdte van de Wob.",
/home/julian/GitHub/uva-thesis-document-splitting/data/test/Bes-Besluit+op+Wob-verzoek+onderzoek+ongeval+kartingsbaan.pdf,Bes-Besluit+op+Wob-verzoek+onderzoek+ongeval+kartingsbaan.pdf,1,0,14-12-2020,20-8-2020,0,,,alle bescheiden met betrekking tot het onderzoek naar een ongeval bij een kartingsbaan.,"Ik heb besloten deels aan uw verzoek tegemoet te komen en de informatie waarom u verzocht, deels openbaar te maken.",
/home/julian/GitHub/uva-thesis-document-splitting/data/test/Bes-Besluit+op+Wob-verzoek+over+aan-+en+afgevoerde+mest+van+het+adres+Alte+Picardiekanaal+24+te+Coevorden.pdf,Bes-Besluit+op+Wob-verzoek+over+aan-+en+afgevoerde+mest+van+het+adres+Alte+Picardiekanaal+24+te+Coevorden.pdf,1,1,20-9-2021,15-7-2021,1,11,"1,3,6,7,10","documenten met informatie aangaande aan- en afgevoerde mest van het bedrijf gevestigd aan het Alte Picardiekanaal 24 te Coevorden, vanaf 1 mei 2019 tot en met heden.",Ik heb besloten aan uw verzoek tegemoet te komen en de informatie waar u om heeft verzocht gedeeltelijk openbaar te maken.,part image-based PDF
/home/julian/GitHub/uva-thesis-document-splitting/data/test/Bes-besluit-op-wob-verzoek-over-aankoop-medische-middelen-covid-19.pdf,Bes-besluit-op-wob-verzoek-over-aankoop-medische-middelen-covid-19.pdf,1,0,19-11-2020,26-3-2020,1,"9,10,11","1,3,10,11","het aandeel van het ministerie van Buitenlandse Zaken bij de aankoop van medische middelen. U vraagt documenten over “het aandeel van uw ministerie bij de aankoop van medische middelen die helpen bij het voorkomen van de verspreiding van, en behulpzaam zijn in de behandeling van het coronavirus. Hierbij wordt gedacht aan aankoop van middelen als mondkapjes, beademingsmachines, (mogelijke) vaccinaties, testkits, desinfectantia, enzovoorts.”","Ik heb besloten (deels) aan uw verzoek tegemoet te komen en de informatie waarom u verzocht, (deels) openbaar te maken. Op de inventarislijsten kunt u zien welke documenten het hier betreft. Daarnaast heb ik besloten (een deel van) de door u gevraagde informatie niet openbaar te maken.",
/home/julian/GitHub/uva-thesis-document-splitting/data/test/Bes-Besluit+op+Wob-verzoek+over+beleid+en+preventie+(uitvoering+van)+zelfgekozen+levenseinde.pdf,Bes-Besluit+op+Wob-verzoek+over+beleid+en+preventie+(uitvoering+van)+zelfgekozen+levenseinde.pdf,1,0,14-6-2021,17-12-2020,0,,,"de afgelopen vier jaar over gekozen levenseinde, (zelf)euthanasie, voltooid leven en (de preventie van) suïcide in Nederland, (de handhaving van) regels over chemische stoffen die kunnen worden gebruikt voor het zelfgekozen levenseinde en beleids(vorming) over de (regulering van) verkoop van dergelijke chemische stoffen. Uw Wob-verzoek ziet in het bijzonder op documenten over de handhaving van de regels ter beperking van de verkoop van chemische stoffen en het voorkomen van suïcide door gebruik van chemische stoffen.",Ik heb besloten deels aan uw verzoek tegemoet te komen en de informatie waarom u verzocht deels openbaar te maken.,decision on two separate requests
/home/julian/GitHub/uva-thesis-document-splitting/data/test/Bes-besluit+op+wob-verzoek+over+conceptovergangsregeling+afschaffing+afvalstoffenbelasting.pdf,Bes-besluit+op+wob-verzoek+over+conceptovergangsregeling+afschaffing+afvalstoffenbelasting.pdf,1,0,1-9-2021,4-6-2021,1,5,"10,11",de concept-overgangsregeling afschaffing afvalstoffenbelasting.,Ik besluit de door u gevraagde informatie gedeeltelijk openbaar te maken.,
/home/julian/GitHub/uva-thesis-document-splitting/data/test/Bes-Besluit+op+Wob-verzoek+over+Gecombineerde+Opgave+van+een+familie+in+Nistelrode.pdf,Bes-Besluit+op+Wob-verzoek+over+Gecombineerde+Opgave+van+een+familie+in+Nistelrode.pdf,1,0,17-11-2020,19-10-2020,0,,"1,3,6,7","documenten aangaande de Gecombineerde Opgave van familie e/o PFK Picolino, ’t Broek 10 te Nistelrode over de periode 2018 tot en met 2020.",Ik heb besloten uw verzoek af te wijzen aangezien er geen documenten bij het ministerie zijn met de door u gevraagde informatie.,
"/home/julian/GitHub/uva-thesis-document-splitting/data/test/Bes-Besluit+op+Wob-verzoek+over+het+gebruik+van+een+aantal+percelen+in+Drachten,+Halsteren,+Oosterhout+en+Wijdewormer.pdf","Bes-Besluit+op+Wob-verzoek+over+het+gebruik+van+een+aantal+percelen+in+Drachten,+Halsteren,+Oosterhout+en+Wijdewormer.pdf",1,0,8-12-2020,5-10-2020,0,,"1,3,6,7,10","de naam van de gebruikers en gegevens omtrent het gebruik van de volgende percelen: - Drachten, sectie D, nr. 5181; - Halsteren, sectie D, nr. 3446; - Oosterhout, sectie K, nr. 4144; - Oosterhout, sectie K, nr. 4145; - Wijdewormer, sectie B, nr. 496; - Wijdewormer, sectie B, nr. 504; - Wijdewormer, sectie B, nr. 509; - Wijdewormer, sectie B, nr. 512; - Wijdewormer, sectie B, nr. 521.",Ik heb besloten het document gedeeltelijk openbaar te maken.,
/home/julian/GitHub/uva-thesis-document-splitting/data/test/Bes-Besluit+op+Wob-verzoek+over+kwaliteitsonderzoek+School+voor+Persoonlijk+Onderwijs+Utrecht.pdf,Bes-Besluit+op+Wob-verzoek+over+kwaliteitsonderzoek+School+voor+Persoonlijk+Onderwijs+Utrecht.pdf,1,1,25-1-2021,6-10-2020,1,"11,12,13,14,15,16,17,18","1,3,6,10","het kwaliteitsonderzoek met betrekking tot de School voor Persoonlijk Onderwijs Utrecht (hierna: SvPO Utrecht), betreffende het rapport d.d. 17 oktober 2019. Concreet verzoekt u om de bijbehorende documenten, waaronder gespreksverslagen, onderliggende (concept)documenten, reactie van SvPO en bijbehorende mailwisselingen en vice versa.","Ik heb besloten aan uw verzoek tegemoet te komen en de informatie waarom u heeft verzocht, opgenomen in de documenten met nummers 4a, 4b, 4c, 4d, 34a, 50a, en 51a geheel openbaar te maken. Ik heb besloten de documenten met nummers 1 t/m 4, 5 t/m 25, 28, 29 t/m 34, 34b, 35, 36 t/m 50, 51, 52, 53 en 54 openbaar te maken, met uitzondering van de daarin vermelde persoonsgegevens en andere informatie die de persoonlijke levenssfeer raakt. De documenten met nummers 26 t/m 27e en 28a zijn reeds openbaar. In de inventarislijst treft u de vindplaats van deze documenten aan.",part image-based PDF
/home/julian/GitHub/uva-thesis-document-splitting/data/test/Bes-Besluit+op+Wob-verzoek+over+levensmiddelenbedrijf.pdf,Bes-Besluit+op+Wob-verzoek+over+levensmiddelenbedrijf.pdf,1,0,27-5-2021,19-5-2020,0,,,een specifiek levensmiddelenbedrijf. U vraagt naar inspectierapporten die op dit bedrijf betrekking hebben.,"Ik heb besloten deels aan uw verzoek tegemoet te komen en de informatie waarom u verzocht, gedeeltelijk openbaar te maken.",
/home/julian/GitHub/uva-thesis-document-splitting/data/test/Bes-besluit+op+wob-verzoek+over+planvorming+bouw+of+exploitatie+windturbines.pdf,Bes-besluit+op+wob-verzoek+over+planvorming+bouw+of+exploitatie+windturbines.pdf,1,0,12-4-2021,24-10-2020,1,"12,13,14,15,16,17,18,19,20,21,22,23,24,25,26,27,28,29","1,3,6,7,10,11","de planvorming, de bouw of de exploitatie van windturbines, alsook de bezwaren daartegen. U vraagt kopieën van alle documenten die gaan over of betrekking hebben op de planvorming, de bouw of de exploitatie van windturbines, alsook de bezwaren daartegen én die bovendien in één van de volgende categorieën vallen: - - - Categorie 1: In de documenten wordt tevens melding gemaakt van één of meer van de volgende namen van groeperingen of organisaties: a. NederWind; b. Democratisch Energie Initiatief c. Clintel d. Platform Storm e. Tegenwind Veenkoloniën f. Stichting Wind van Voren Categorie 2: In de documenten wordt verwezen naar de volgende uitspraken van het Europees Hof en/of de mogelijke gevolgen van die uitspraken: o zaak inzake windmolens Vlaams Gewest (bron ECLI:EU:C:2020:503), uitspraak 25-6-2020; o zaak inzake windmolens Waals Gewest (bron ECLI:EU:C:2016:816), uitspraak 27-10-2016, ook wel genoemd ""de zaak d'Oultremont""; Categorie 3: In de documenten wordt verwezen naar het Kort Geding inzake windpark De Drentse Monden en Oostermoer, dat diende op 8 oktober 2020 bij de rechtbank in Assen en waarin uitspraak volgde op 22 oktober 2020.","Ik heb besloten deels aan uw verzoek tegemoet te komen en de informatie waarom u verzocht, opgenomen in de documenten met nummers A59, B10, B17.a en B33.b volledig openbaar te maken. Ik heb besloten de documenten met nummers A1, A2, A3, A4, A5, A6, A7, A8, A9, A10, A12, A13, A14, A15, A16, A18, A19, A20, A21, A22, A23, A24, A25, A27, A28, A29, A30, A31, A32, A33, A34, A35, A36, A37, A38, A40, A41, A42, A43, A44, A45, A46, A47, A48, A49, A51, A53, A56, A57, A60, B1, B11, B15, B17, B19, B28.a, B29.a, B33.a en B35, voor zover deze documenten onder de reikwijdte van uw verzoek vallen, openbaar te maken met uitzondering van de daarin vermelde persoonsgegevens. Ik heb besloten (een deel van) de door u gevraagde informatie opgenomen in de documenten met nummers A39.a, A50, A52, A54, A55, A58, B1.a, B2, B4, B5, B6, B7, B8, B9, B12, B14, B16.a, B20, B21, B22, B23, B23.a, B24, B24.a, B25, B26, B27.a, B28, B31, B32, B33, B34 en B36 niet openbaar te maken.",
/home/julian/GitHub/uva-thesis-document-splitting/data/test/Bes-besluit+op+wob-verzoek+over+proces+tweede+speelveldtoets.pdf,Bes-besluit+op+wob-verzoek+over+proces+tweede+speelveldtoets.pdf,1,0,18-3-2021,20-7-2020,1,6,"10,11",het proces met betrekking tot de tweede Speelveldtoets van PricewaterhouseCoopers.,Ik besluit de door u gevraagde informatie gedeeltelijk openbaar te maken.,
/home/julian/GitHub/uva-thesis-document-splitting/data/test/Bes-besluit+op+wob-verzoek+over+project+nothh2.pdf,Bes-besluit+op+wob-verzoek+over+project+nothh2.pdf,1,1,13-4-2021,6-1-2021,0,,"1,3,6,7,10,11","het project NortH2. U vraagt documenten over de documentatie over het waterstofproject NortH2 in de Eemshaven en aan het project verbonden bedrijven. U geeft hierbij aan te willen ontvangen: • • • • • • subsidieverstrekking voor ontwikkeling van en/of bouw van de elektrolyser [ ook genoemd: groene waterstoffabriek] of voor studies daaromtrent; vergunningstrajecten, milieustudies, haalbaarheidsstudies; de politieke omstandigheden rond dit project; correspondentie met en/of over de betrokken bedrijven Shell, Gasunie, RWE, Equinor en/of dochter- en/of moederbedrijven daarvan; correspondentie met de provincie Groningen, NOM en Groningen Seaports; het verzoek heeft betrekking op alle documenten bij of onder uw organisatie in de periode 1 januari 2015 tot heden, ex nunc.","Ik heb besloten om het document met nummer 7 en 42a openbaar te maken. Ik heb besloten aan uw verzoek tegemoet te komen en de informatie waarom u verzocht, opgenomen in de documenten met de nummers 1, 1a, 2, 3, 4, 5, 6, 9, 11, 13, 14, 15, 16, 17, 18, 19, 20, 21 … 66. 67, en 68 (ten dele) openbaar te maken. Ik heb besloten de documenten waarvan op de inventarisatielijst is aangegeven dat uitsluitend artikel 10, tweede lid, onder e Wob van toepassing is, deels openbaar te maken met de uitzondering van de daarin vermelde persoonsgegevens.",part image-based PDF
/home/julian/GitHub/uva-thesis-document-splitting/data/test/Bes-Besluit+op+Wob-verzoek+over+reisadvies+Kroatiâ.pdf,Bes-Besluit+op+Wob-verzoek+over+reisadvies+Kroatiâ.pdf,1,0,6-11-2020,8-8-2020,1,7,"1,3,10,11",het op 21 juli 2020 gewijzigde reisadvies inzake Kroatië. U vraagt alle informatie/documenten “omtrent het beleid om Kroatië in het kader van de Coronacrisis als oranje (risico)gebied aan te wijzen”.,"Ik heb besloten (deels) aan uw verzoek tegemoet te komen en de informatie waarom u verzocht, gedeeltelijk openbaar te maken. Op de bijgevoegde inventarislijst kunt u zien om welke documenten het gaat. Daarnaast heb ik besloten (een deel van) de door u gevraagde informatie niet openbaar te maken.",
/home/julian/GitHub/uva-thesis-document-splitting/data/test/Bes-besluit+op+wob-verzoek+over+secretarissen+generaal+overleg+bespreking+wob+en+artikel+68+grondwet.pdf,Bes-besluit+op+wob-verzoek+over+secretarissen+generaal+overleg+bespreking+wob+en+artikel+68+grondwet.pdf,1,1,12-3-2021,24-12-2020,0,,,het Secretarissen Generaal Overleg (SGO) met betrekking tot de Wob en artikel 68 Grondwet.,Ik besluit de relevante passages in de verslagen van het SGO openbaar te maken.,part image-based PDF
/home/julian/GitHub/uva-thesis-document-splitting/data/test/Bes-Besluit+op+Wob+verzoek+over+terrein+Commandopost+Clingendael+en+voormalige+Prinses+Julianakazerne.pdf,Bes-Besluit+op+Wob+verzoek+over+terrein+Commandopost+Clingendael+en+voormalige+Prinses+Julianakazerne.pdf,1,0,26-1-2021,1-10-2020,1,7,"1,3,6,10,11","het archeologisch onderzoek van het terrein Commandopost Clingendael en voormalige Prinses Julianakazerne (Therese Schwartzestraat in Den Haag). U vraagt om alle correspondentie/rapporten, in de ruimste zin van het woord, waarin archeologie met betrekking tot deze twee locaties wordt besproken.","Ik heb besloten (deels) aan uw verzoek tegemoet te komen en de informatle waarom u verzocht, opgenomen in het document met nummer lA geheel openbaar te maken. Ik heb besloten een deel van de door u gevraagde informatie opgenomen in de documenten met nummers 2A, 3A en 4 openbaar te maken. Voor de motivering verwijs Ik naar onderdeel 'overwegingen' van dit besluit. Ik heb besloten de documenten met nummers 1, 2 en 3 openbaar te maken met uitzondering van de daarln vermelde persoonsgegevens.",
/home/julian/GitHub/uva-thesis-document-splitting/data/test/Bes-besluit+op+wob-verzoek+over+toolkit+houtrook+en+gezondheid.pdf,Bes-besluit+op+wob-verzoek+over+toolkit+houtrook+en+gezondheid.pdf,1,1,19-5-2021,16-2-2021,0,,"1,3",de Toolkit Houtrook en Gezondheid en het ontstaan van die Toolkit voor zover die betrekking hebben op de periode 1 januari 2016 en 1 januari 2021.,Ik heb besloten om uw verzoek af te wijzen.,part image-based PDF
/home/julian/GitHub/uva-thesis-document-splitting/data/test/Bes-Besluit+op+Wob-verzoek+over+totstandkoming+reisadvies+China.pdf,Bes-Besluit+op+Wob-verzoek+over+totstandkoming+reisadvies+China.pdf,1,0,17-12-2020,26-3-2020,1,"9,10,11","1,3,10,11","reisadviezen die verband houden met het coronavirus, waaronder documenten en communicatie uitgewisseld tussen het ministerie van Buitenlandse Zaken en het RIVM. U vraagt om openbaarmaking van: “kopieën van documenten en communicatie aangaande reisadviezen over het tijdvak december 2019 tot en met 26 maart 2020. De documenten betreffen verslagen, notulen, e-mails, agenda-afspraken, afspraken van digitale bijeenkomsten en de deelnemers daaraan (videoconferenties), bijeenkomsten, whatsappberichten, sms’jes, nota’s, enzovoorts.”","Ik heb besloten (deels) aan uw verzoek tegemoet te komen en de informatie waarom u verzocht, opgenomen in de documenten (deels) openbaar te maken. Daarnaast heb ik besloten de door u gevraagde informatie opgenomen in een aantal documenten niet openbaar te maken.",
/home/julian/GitHub/uva-thesis-document-splitting/data/test/Bes-Besluit+op+Wob-verzoek+over+verdeling+van+radiofrequenties.pdf,Bes-Besluit+op+Wob-verzoek+over+verdeling+van+radiofrequenties.pdf,1,0,22-12-2020,31-7-2020,1,8,"1,7,10","de verdeling van radiofrequenties. U vraagt documenten over: 1) 2) 3) 4) Alle correspondentie, daaronder tevens begrepen e-mail, Whatsapp- berichten, dan wel elke vorm van berichtenuitwisseling en/of verslaglegging tussen Agentschap Telecom en de 'Kleine Regionale Commerciële Omroepen' (KRCO) in de jaren 2018, 2019 en 2020. Alle correspondentie, daaronder tevens begrepen e-mail, Whatsapp- berichten, dan wel elke vorm van berichtenuitwisseling en/of verslaglegging tussen (vertegenwoordigers van) het ministerie van Economische Zaken en Klimaat en de Kleine Regionale Commerciële Omroepen (KRCO) in de jaren 2018, 2019 en 2020. Iedere andere vorm van contact met de KRCO inzake de verdeling van frequenties c.q. overleg waaronder uitdrukkelijk begrepen de inspanningen van Medy van der Laan c.s. Iedere andere vorm van contact met de KRCO met andere onderdelen van de overheid dan wel door haar ingestelde instanties zoals het ministerie van OCW, Commissariaat voor de Media etc.","Ik heb besloten de documenten met nummers 1, 2, 3 en 4 openbaar te maken met uitzondering van de daarin vermelde persoonsgegevens.",
/home/julian/GitHub/uva-thesis-document-splitting/data/test/Bes-Besluit+op+Wob-verzoek+over+vertrek+burgemeester+Noordoostpolder.pdf,Bes-Besluit+op+Wob-verzoek+over+vertrek+burgemeester+Noordoostpolder.pdf,1,0,16-10-2020,20-7-2020,1,7,"1,10,11",de gang van zaken rond het vertrek van burgemeester Harold Bouman van de gemeente Noordoostpolder.,,
/home/julian/GitHub/uva-thesis-document-splitting/data/test/Bes-Besluit+op+Wob-verzoek+over+visum+langeafstandsrelaties.pdf,Bes-Besluit+op+Wob-verzoek+over+visum+langeafstandsrelaties.pdf,1,1,4-3-2021,18-12-2020,1,7,"1,3,10,11","de correspondentie met de Nederlandse vertegenwoordiging in Nur-Sultan in uw zaak. U vraagt documenten over het “volledige gerelateerde dossier (inclusief uw correspondentie met de Nederlandse ambassade in Nur Sultan, alsmede beleidsdocumenten/nota’s/interne instructies waarop uw standpunt en besluit zijn gebaseerd)”",Ik heb besloten (deels) aan uw verzoek tegemoet te komen en de informatie waarom u verzocht openbaar te maken.,part image-based PDF
/home/julian/GitHub/uva-thesis-document-splitting/data/test/Bes-besluit-wob-21-030.pdf,Bes-besluit-wob-21-030.pdf,1,1,24-3-2021,8-2-2021,0,,"1,10","alle besluiten tussen 1 januari 2020 t/m 31 januari 2021 met betrekking tot de Subsidieregeling energiebesparing eigen huis (SEEH) waarbij, volgens de subsidieaanvragen, gebruik is gemaakt van het materiaal Isobooster T3 of T5.",Ik heb besloten uw verzoek af te wijzen aangezien het beschikbaar stellen van de informatie een onevenredige zware inspanningen vraagt.,part image-based PDF
/home/julian/GitHub/uva-thesis-document-splitting/data/test/Bes-besluit-wob-verzoek-aangaande-digitale-middelen-in-de-periode-maart-20.pdf,Bes-besluit-wob-verzoek-aangaande-digitale-middelen-in-de-periode-maart-20.pdf,1,0,28-9-2021,,1,"9,10","1,3,10,11",,"Ik besluit de door u gevraagde informatie gedeeltelijk openbaar te maken. Met dit deelbesluit maak ik een deel van de door u verzochte informatie openbaar, te weten de informatie die ziet op het deelonderwerp digitale middelen over de maand maart 2020.",Covid mass decision
/home/julian/GitHub/uva-thesis-document-splitting/data/test/Bes-besluit-wob-verzoek-campagneactiviteiten-financien.pdf,Bes-besluit-wob-verzoek-campagneactiviteiten-financien.pdf,1,0,,15-3-2021,0,,"10,11","de campagneactiviteiten van de minister van Financiën in zijn rol als lijsttrekker van het C DA. U vraagt om documenten over de periode van 1 november 2020 tot 15 maart 2021 die betrekking hebben op: - correspondentie tussen (vertegenwoordigers van) het ministerie van Financiën en (vertegenwoordigers van) het C DA over de campagneactiviteiten; en - ambtelijke stukken, memo’s en nota’s waarin gerept wordt over de campagneactiviteiten.",Ik besluit de door u gevraagde informatie gedeeltelijk openbaar te maken.,
/home/julian/GitHub/uva-thesis-document-splitting/data/test/Bes-Besluit+Wob-verzoek+granuliet+deelbesluit+2+def_Geredigeerd.pdf,Bes-Besluit+Wob-verzoek+granuliet+deelbesluit+2+def_Geredigeerd.pdf,1,0,11-2-2021,10-2-2020,0,,"10,11","Documenten in de ruimste zin van het woord over Bbk-melding 504391.0 en Bbk-melding 504391.1, waaronder granuliet in het kader van het Besluit bodemkwaliteit 9Bbk) is aangemeld bij Rijkswaterstaat Zuid-Nederland. Binnen Rijkswaterstaat kan naar deze zaak worden verwezen onder het zaaknummer RWSZ 2019-00014095-001. - Documenten in de ruimste zin van het woord over de Bbk-melding(en) van granuliet bij Rijkstwaterstaat Oost-Nederland. - Gewisselde stukken binnen het Ministerie van Infrastructuur en Waterstaat en andere overheidsorganen (waaronder Rijkswaterstaat) over het onderwerp granuliet. - Gewisselde stukken binnen het Ministerie van Infrastructuur en Waterstaat over het onderwerp granuliet. - Documenten in de ruimste zin van het woord over de ontmoeting op 18 oktober 2019, tussen onder meer DG RWS mevrouw Blom, HID Rijkswaterstaat Zuid-Nederland mevrouw Beuting en HID WVL de heer Brandsen. - Documenten in de ruimste zin van het woord over contacten met belanghebbenden over het onderwerp granuliet. Inclusief contacten met oud- minister Halbe Zijlstra en medewerkers van het bedrijf Bontrup/Graniet Import Benelux.",Ik heb besloten uw verzoek gedeeltelijk te honoreren door de documenten zoals weergegeven op de inventarislijst geheel of gedeeltelijk openbaar te maken. Voor de overige documenten wijs ik uw verzoek af.,
/home/julian/GitHub/uva-thesis-document-splitting/data/test/Bes-Besluit+Wob-verzoek+inhuur+artsen.pdf,Bes-Besluit+Wob-verzoek+inhuur+artsen.pdf,1,0,28-6-2021,2-2-2021,0,,,"de inhuur van artsen bij de PI Haaglanden (3CvSZ). Specifiek vraagt u om de correspondentie tussen de PI Haaglanden en de afdeling inkoop van DJI over de vervanging van artsen, de interne adviezen met betrekking tot de vervanging van artsen, de correspondentie, adviezen en besluiten met betrekking tot het wel of niet aanbesteden van de inzet van artsen, de correspondentie tussen de PI Haaglanden en de afdeling inkoop van DJI over het gesloten contract voor wat betreft duur en omvang van de overeenkomst en verlenging, het gesloten contract ten aanzien van de vervanging van artsen en overige documenten waarin het gaat om de inzet van artsen.",Ik maak de door u gevraagde documenten gedeeltelijk openbaar.,
/home/julian/GitHub/uva-thesis-document-splitting/data/test/Bes-Besluit+Wob-verzoek+met+betrekking+tot+de+vermogensmix+rendementsgrondslag+2013-20.pdf,Bes-Besluit+Wob-verzoek+met+betrekking+tot+de+vermogensmix+rendementsgrondslag+2013-20.pdf,1,0,10-2-2021,8-12-2020,0,,"10,11",de vermogensmix rendementsgrondslag 2013-2017.,Ik besluit de door u gevraagde informatie gedeeltelijk openbaar te maken.,
/home/julian/GitHub/uva-thesis-document-splitting/data/test/Bes-Besluit+Wob-verzoek+om+informatie+over+dieraantallen.pdf,Bes-Besluit+Wob-verzoek+om+informatie+over+dieraantallen.pdf,1,0,8-1-2021,10-10-2020,1,9,"1,6,10",het aantal geregistreerde geiten per maand per categorie in de periode 1 januari 2015 tot en met 2020 op twee stallen.,Ik heb besloten de door u gevraagde informatie opgenomen in de documenten gedeeltelijk openbaar te maken.,
/home/julian/GitHub/uva-thesis-document-splitting/data/test/Bes-besluit-wob-verzoek-over-covid-19-december-2019-tot-en-met-januari-2020.pdf,Bes-besluit-wob-verzoek-over-covid-19-december-2019-tot-en-met-januari-2020.pdf,1,0,1-12-2020,,0,,,,Ik besluit de gevraagde informatie grotendeels openbaar te maken.,Covid mass decision
/home/julian/GitHub/uva-thesis-document-splitting/data/test/Bes-Besluit+Wob-verzoek+over+cursussen+diversiteit+en+inclusiviteit.pdf,Bes-Besluit+Wob-verzoek+over+cursussen+diversiteit+en+inclusiviteit.pdf,1,0,21-8-2019,11-4-2019,1,"6,7,8","10,11","diversiteit en inclusiviteit. U vraagt documenten over trainingen, leerprogramma's, workshops dan wel cursussen (hierna: cursussen) in het kader van diversiteit en/of inclusiviteit voor medewerkers binnen het ministerie van Volksgezondheid, Welzijn en Sport (hierna: VWS) tussen 1 januari 2015 en 11 april 2019.",Ik besluit de door u gevraagde informatie gedeeltelijk openbaar te maken.,
/home/julian/GitHub/uva-thesis-document-splitting/data/test/Bes-Besluit+Wob-verzoek+over+de+beslissing+tot+overheveling+van+immunoglobulines+en+TNF-alfaremmers.pdf,Bes-Besluit+Wob-verzoek+over+de+beslissing+tot+overheveling+van+immunoglobulines+en+TNF-alfaremmers.pdf,1,0,10-1-2020,13-6-2019,1,"7,8,9,10,11","10,11","de beslissing tot overheveling van immunoglobulines en over de beslissing tot overheveling van TNF-alfaremmers. U schrijft in uw Wob-verzoek letterlijk het volgende: ""Cliënte zou graag alle informatie ontvangen (neergelegd in documenten) over: - De in de periode 2017 tot en met nu gehanteerde inhoudelijke argumenten voor, gemaakte (belangen)afwegingen bij en (procedurele) wijze van totstandkoming van de beslissing tot (eventuele) overheveling van immunoglobulines (per 2020), - de ter zake de overheveling van TNF-alfaremmers (in 2012) gebruikte/aanwezige informatie over en/of gemaakte afwegingen bij de (eventuele) negatieve financiële consequenties/nadeel voor openbare apothekers en organisaties zoals ApotheekZorg B.V. (die grootschalig TNF-alfaremmers bij de patiënt thuis afleverden).""",Ik besluit de door u gevraagde informatie grotendeels openbaar te maken.,
/home/julian/GitHub/uva-thesis-document-splitting/data/test/Bes-besluit-wob-verzoek-over-de-inzet-van-influencers-voor-de-campagne-alleensamen.pdf,Bes-besluit-wob-verzoek-over-de-inzet-van-influencers-voor-de-campagne-alleensamen.pdf,1,0,4-9-2020,9-6-2020,1,6,"10,11","de inzet van influencers voor de campagne #alleensamen. U vraagt om alle documenten betreffende de kosten die door het ministerie van Volksgezondheid, Welzijn en Sport in het kader van de samenwerking met influencers voor de campagne #alleensamen zijn gemaakt, en de bijbehorende correspondentie.",Ik besluit de door u gevraagde informatie gedeeltelijk openbaar te maken.,
/home/julian/GitHub/uva-thesis-document-splitting/data/test/Bes-Besluit+Wob-verzoek+over+het+op+afstand+voorschrijven+en+verstrekken+van+medicatie.pdf,Bes-Besluit+Wob-verzoek+over+het+op+afstand+voorschrijven+en+verstrekken+van+medicatie.pdf,1,0,209-5-2019,23-1-2019,1,8,"10,11","het op afstand voorschrijven en verstrekken van medicatie. U verzoekt om openbaarmaking van alle interne en externe communicatie alsmede andere vormen van documentatie, waaronder eventuele rapportages en beleidsdocumenten van de Inspectie Gezondheidszorg en Jeugd (hierna: de inspectie), met betrekking tot het beleid en toezicht op: 1. Het door een Nederlandse apotheek via het internet aan de patiënt verstrekken van medicatie, op basis van een online recept dat het resultaat is van een online consult tussen een buitenlandse patiënt en een in het buitenland geregistreerde voorschrijver (arts), 2. Stadsapotheek Venlo en Apotheek Bad Nieuweschans, die de onder 1. weergegeven werkwijze toepassen",Ik besluit de door u gevraagde informatie gedeeltelijk openbaar te maken.,
/home/julian/GitHub/uva-thesis-document-splitting/data/test/Bes-Besluit+Wob-verzoek+over+strategisch+gedrag+door+zorgaanbieders+in+de+geestelijke+gezondheidszorg+(GGZ).pdf,Bes-Besluit+Wob-verzoek+over+strategisch+gedrag+door+zorgaanbieders+in+de+geestelijke+gezondheidszorg+(GGZ).pdf,1,0,19-4-2019,1-3-2018,1,"7,8,9,10,11,12,13,14,15,16","10,11",alle documenten over het uit het basispakket halen van de aanpassingsstoornis in 2012. Daarnaast vraagt u om alle documenten die zien op het strategisch sturen op tijdschijven door zorgaanbieders in de GGZ.,Ik besluit de door u gevraagde informatie gedeeltelijk openbaar te maken.,
/home/julian/GitHub/uva-thesis-document-splitting/data/test/Bes-Besluit+Wob-verzoek+over+subsidieverlening+door+het+Ministerie+van+Volksgezondheid+Welzijn+en+Sport.pdf,Bes-Besluit+Wob-verzoek+over+subsidieverlening+door+het+Ministerie+van+Volksgezondheid+Welzijn+en+Sport.pdf,1,0,25-9-2019,17-4-2019,1,6,"10,11","subsidieverlening door mijn ministerie. Meer in het bijzonder heeft u verzocht om: - subsidieaanvragen en -beschikkingen aan Rutgers Kenniscentrum seksualiteit (hierna: Rutgers) van de afgelopen tien jaar; - eventuele subsidies (aanvragen en beschikkingen) aan Rutgers/SOA-AIDS Nederland (eventueel van eerdere datum) waarin subsidie wordt verleend voor de ontwikkeling van een interventie voor basisscholen die heeft geresulteerd in de interventie: Lang Leve de Liefde en/of Kriebels in je buik; - alle documenten, waaronder bijvoorbeeld interne e-mails en juridische analyses, met betrekking tot de staatssteuntoets ten aanzien van de instellingssubsidie en andere subsidies van Rutgers (zoals vermeld in de Kamerbrief van 21 december 2018; TK II, 2018-2019, 29 214, nr. 80), ook als die staatssteuntoets nog (niet) geheel is afgerond. - eventuele subsidietoezeggingen of -toekenningen, zowel formeel als informeel, die reeds zijn gedaan op basis van de Kamerbrief van 11 september 2018, Zorg rond zwangerschap en geboorte (TK II, 2017-2018, 32 279, nr. 123), en het bijbehorende Zevenstappenplan.",Ik besluit de door u gevraagde informatie grotendeels openbaar te maken.,
/home/julian/GitHub/uva-thesis-document-splitting/data/test/Bes-Besluit+Wob+verzoek+schending+verlofvoorwaarden+GGZ+klinieken+Den+Dolder+17+december+2020.pdf,Bes-Besluit+Wob+verzoek+schending+verlofvoorwaarden+GGZ+klinieken+Den+Dolder+17+december+2020.pdf,1,0,17-12-2020,9-6-2020,0,,,openbaarmaking van informatie over: o alle correspondentie tussen de GGZ-klinieken Fivoor in Den Dolder en het Ministerie van Justitie en Veiligheid omtrent patiënten die zich niet aan de voorwaarden van hun verlof houden over de periode september 2019 tot het heden (datum verzoek), o alle meldingen van de GGZ klinieken Fivoor in Den Dolder van patiënten die zich niet aan de voorwaarden van hun verlof houden over de periode september 2019 tot het heden (datum verzoek).,"Ik heb besloten uw verzoek gedeeltelijk te honoreren met uitzondering van de daarin opgenomen: o persoonsgegevens betreft als bedoeld in de artikelen 9, 10 en 87 van de Algemene verordening gegevensbescherming, tenzij de verstrekking kennelijk geen inbreuk op de persoonlijke levenssfeer maakt; o informatie die raakt aan de persoonlijke levenssfeer; o informatie ten behoeve van intern beraad die persoonlijke beleidsopvattingen bevat."
/home/julian/GitHub/uva-thesis-document-splitting/data/test/Bes-Besluit+Wob-verzoek+SOO+toegang+CABR.pdf,Bes-Besluit+Wob-verzoek+SOO+toegang+CABR.pdf,1,0,8-7-2021,11-4-2021,0,,"1,3,6,10","het nieuwe besluit dat is genomen naar aanleiding van de uitspraak van de Afdeling Bestuursrechtspraak van de Raad van State van 24 december 2019, ECLI:NL:RVS:2019:4453, en het daarvoor uitgebrachte rapport.","Ik heb besloten op grond van artikel 8 van de Wob uit eigen beweging het advies van de minister van Justitie en Veiligheid, document met nummer 3, bij de afhandeling van het Wob-verzoek te betrekken en derhalve actief openbaar te maken. Ik heb besloten de documenten met nummers 1 t/m 3 openbaar te maken met uitzondering van de daarin vermelde persoonsgegevens.",
/home/julian/GitHub/uva-thesis-document-splitting/data/test/Bes-Besluit+Wob-verzoek+toestemming+justitiabele+plaatsen+foto+Facebook.pdf,Bes-Besluit+Wob-verzoek+toestemming+justitiabele+plaatsen+foto+Facebook.pdf,1,0,3-6-2021,20-1-2021,0,,,"alle informatie met betrekking tot het verlenen van toestemming door een justitiabele voor het plaatsen van een foto op Facebook, inclusief het aanbieden van rechtsbijstand/voeren van overleg met de advocaat, de protocollen verzoeken toestemming justitiabele, informatie over het verwijderen van het bericht, eventuele disciplinaire maatregelen en verbetervoorstellen naar aanleiding van het voorval.",Ik maak de door u gevraagde documenten gedeeltelijk openbaar.,
/home/julian/GitHub/uva-thesis-document-splitting/data/test/Bes-Bijlag+2+bij+besluit+op+Wob-verzoek+over+totstandkoming+maatregelenpakket+stikstof-+en+PFAS-problematiek.pdf,Bes-Bijlag+2+bij+besluit+op+Wob-verzoek+over+totstandkoming+maatregelenpakket+stikstof-+en+PFAS-problematiek.pdf,0,0,,,,,,,,
/home/julian/GitHub/uva-thesis-document-splitting/data/test/Bes-Brief+afwijzing+wobverzoek+2020+-+204.pdf,Bes-Brief+afwijzing+wobverzoek+2020+-+204.pdf,1,0,24-11-2020,9-11-2020,0,,"1,6","het vakbekwaamheidsbewijs voor houder van dieren (C0009) van het bedrijf gevestigd aan de Houtwal 15, 9396 XA te Marum.",Ik heb besloten uw verzoek af te wijzen aangezien er geen document bij het ministerie is met de door u gevraagde informatie.,
/home/julian/GitHub/uva-thesis-document-splitting/data/test/Bes-deelbesluit+1+op+wob-verzoek+over+vion-groep+-+voedselveiligheid.pdf,Bes-deelbesluit+1+op+wob-verzoek+over+vion-groep+-+voedselveiligheid.pdf,1,1,13-7-2021,26-10-2020,0,,"1,3,6,7,10,11","documenten over alle bedrijven van de VION-groep over een periode van 1 januari 2016 tot 26 oktober 2020 die aanwezig zijn bij het ministerie van Landbouw, Natuur en Voedselkwaliteit.",Ik heb besloten een deel van de door u gevraagde informatie in de aangetroffen documenten niet openbaar te maken.,part image-based PDF
/home/julian/GitHub/uva-thesis-document-splitting/data/test/Bes-deelbesluit+4+wob-verzoek+over+pulsvisserijvergunningen.pdf,Bes-deelbesluit+4+wob-verzoek+over+pulsvisserijvergunningen.pdf,1,1,2-7-2021,4-10-2018,1,"8,9","1,6,10,11","pulsvisserij. U vraagt documenten die betrekking hebben op het verkrijgen van extra pulsvisvergunningen (dus boven op de eerste afgesproken 5 procent) voor Nederlandse vissers, in de periode 1 januari 2009 tot 4 oktober 2018.",Ik heb besloten de documenten met nummers 4.1 4.3 4.5 4.6 4.8 4.9 4.15 4.16 4.18 4.21 4.22 4.23 4.24 4.25 4.26 4.28 4.29 openbaar te maken met uitzondering van de daarin vermelde persoonsgegevens. Ik heb besloten (een deel van) de door u gevraagde informatie opgenomen in de documenten met 4.7 4.1 4.11 4.13 deels openbaar te maken. Ik heb besloten de door u gevraagde informatie opgenomen in de documenten met nummers 4.2 4.4 4.12 4.14 4.19 4.2 4.27 niet openbaar te maken. ,part image-based PDF
/home/julian/GitHub/uva-thesis-document-splitting/data/test/Bes-eerste-deelbesluit-op-wob-verzoek-over-corona-op-scholen.pdf,Bes-eerste-deelbesluit-op-wob-verzoek-over-corona-op-scholen.pdf,1,0,22-11-2021,18-6-2021,0,,"1,3,6,10,11",de coronamaatregelen in het primair en voortgezet onderwijs.,Ik heb besloten de documenten met nummers 1 tot en met 204 (gedeeltelijk) openbaar te maken. Tevens heb ik besloten de documenten met nummers 210 tot en met 218 in het geheel niet openbaar te maken.,
/home/julian/GitHub/uva-thesis-document-splitting/data/test/Bes-Fox-IT+Stukken+voor+publicatie.pdf,Bes-Fox-IT+Stukken+voor+publicatie.pdf,0,0,,,,,,,,
/home/julian/GitHub/uva-thesis-document-splitting/data/test/Bes-Openbaar+gemaakte+stukken+deel+1+bij+besluit+op+Wob-verzoek+over+besluitvorming+rondom+apotheekbereidingen.pdf,Bes-Openbaar+gemaakte+stukken+deel+1+bij+besluit+op+Wob-verzoek+over+besluitvorming+rondom+apotheekbereidingen.pdf,0,0,,,,,,,,
/home/julian/GitHub/uva-thesis-document-splitting/data/test/Bes-Ordner1.doc.1-15.pdf,Bes-Ordner1.doc.1-15.pdf,0,0,,,,,,,,
/home/julian/GitHub/uva-thesis-document-splitting/data/test/Bes-Ordner1.pdf,Bes-Ordner1.pdf,0,0,,,,,,,,
/home/julian/GitHub/uva-thesis-document-splitting/data/test/Bes-Overwegingen+bij+zienswijzen+over+Wob-verzoek.pdf,Bes-Overwegingen+bij+zienswijzen+over+Wob-verzoek.pdf,0,0,,,,,,,,
/home/julian/GitHub/uva-thesis-document-splitting/data/test/Bes-Publicatie+1.pdf,Bes-Publicatie+1.pdf,0,0,,,,,,,,
/home/julian/GitHub/uva-thesis-document-splitting/data/test/Bes-Publicatie+3.pdf,Bes-Publicatie+3.pdf,0,0,,,,,,,,
/home/julian/GitHub/uva-thesis-document-splitting/data/test/Bes-Publicatie+5.pdf,Bes-Publicatie+5.pdf,0,0,,,,,,,,
/home/julian/GitHub/uva-thesis-document-splitting/data/test/Bes-wob+2019+196+deel+III.pdf,Bes-wob+2019+196+deel+III.pdf,1,0,12-2-2021,17-9-2019,1,"9,10","1,10","toekenning van fosfaatrechten in 2015 aan rundveehouders op basis van dieraantallen. U vraagt om gegevens met betrekking tot het stelsel van fosfaatrechten, de dieraantallen op een aantal peildata uit het Identificatie en Registratie systeem (hierna: I&R-systeem) en de landbouwtellingen (meitellingen) uit de Gecombineerde Opgave over de jaren 2012 tot en met 2018 van de bedrijven op de volgende adressen: 1. Merenweg 1, 5513 NZ Wintelre 2. Beenakkersweg 3, 5094 EN Lage Mierde 3. Hazenhurk 1, 5591 TC Heeze 4. Nieuweweg 4, 5843 AL, Westerbeek 5. Jan van Nassauweg 12, 8355 VA Giethoorn 6. Bornsestraat 13, 7627 NS Bornerbroek 7. Foudering 1, 9005 XN Wergea 8. Tweekarspelenweg 3, 9697 XZ Blijham 9. Fressevenweg 7, 5571 TP Bergeijk 10. Ruitersweg 1A, 4158 LC Deil 11. Rijksweg 42, 6996 AC Drempt 12. Drielse Rijndijk 39, 6665 LP Driel","Ik heb besloten gedeeltelijk aan uw verzoek tegemoet te komen. De documenten met nummers 1, 2, 3, 4, 5, 6, 7, 8, 8a, 10, en 11 worden onmiddellijk openbaar gemaakt. De documenten met nummers 9 en 12 maak ik uitgesteld openbaar.",
/home/julian/GitHub/uva-thesis-document-splitting/data/test/Bes-wob-2021-037-doc2en3.pdf,Bes-wob-2021-037-doc2en3.pdf,0,0,,,,,,,,
/home/julian/GitHub/uva-thesis-document-splitting/data/test/Bes-wob-2021-102.pdf,Bes-wob-2021-102.pdf,1,0,20-9-2021,28-4-2021,1,7,"1,10",het melden van doodgeboren kalveren in het kader van het fosfaatreductieplan 2017.,"Ik heb besloten aan uw verzoek tegemoet te komen en de informatie waar u om heeft verzocht, opgenomen in de documenten met nummers 1, 2 en 3 gedeeltelijk openbaar te maken.",
/home/julian/GitHub/uva-thesis-document-splitting/data/test/Bes-WOB+beslissing+Waardeonderzoek.pdf,Bes-WOB+beslissing+Waardeonderzoek.pdf,1,0,6-2-2020,3-12-2020,0,,,De belastingdienst refereert in voorkomende situaties inzake de waardering van onroerende zaken regelmatig aan het handboek waardeonderzoek en geeft daarbij aan dat sprake is van interne regels. Graag hoor ik wat het interne beleid is van de belastingdienst in deze en welke interne regels ten aanzien van de waardebepaling van onroerend goed zijn gesteld.,Ik heb besloten gedeeltelijk aan uw verzoek tegemoet te komen.,
/home/julian/GitHub/uva-thesis-document-splitting/data/test/Bes-wob-besluit.pdf,Bes-wob-besluit.pdf,0,0,,,,,,,,
/home/julian/GitHub/uva-thesis-document-splitting/data/test/Bes-Wob-besluit.pdf,Bes-Wob-besluit.pdf,1,1,23-9-2021,26-7-2021,0,,"1,3,6,7","de Stichting Rijnlands Lyceum (vestiging Wassenaar). U verzoekt om informatie per schooljaar over de periode september 2011 tot en met juli 2021 over: - Het aantal schorsingen, met de reden van de schorsing, die niet gevolgd zijn door een verwijdering; - Het aantal schorsingen, met de reden van de schorsing, die wel gevolgd zijn door een verwijdering en met de reden van verwijdering voor zover die afwijkt van de reden schorsing.",Ik heb besloten aan uw verzoek tegemoet te komen en de informatie waarom u verzocht openbaar te maken.,part image-based PDF
/home/julian/GitHub/uva-thesis-document-splitting/data/test/Bes-wob-besluit-adviezen-cites-soort-uromastyx-thomasi-2021-158.pdf,Bes-wob-besluit-adviezen-cites-soort-uromastyx-thomasi-2021-158.pdf,1,0,15-10-2021,28-6-2021,1,8,"1,3,6,7,10",adviezen van de CITES WA / NL alsmede de correspondentie van de CITES MA / NL (CITES bureau) met andere Lidstaten alsmede andere Partijstaten voor zover betrekking hebbend eop de soort Uromastyx Thomasi.,Ik heb besloten (deels) aan uw verzoek tegemoet te komen en de informatie openbaar te maken.,
/home/julian/GitHub/uva-thesis-document-splitting/data/test/Bes-Wob-besluit+Bureau+BKB.pdf,Bes-Wob-besluit+Bureau+BKB.pdf,1,0,17-2-2021,19-11-2020,1,6,"1,3,10","Campagnebureau BKB. U vraagt documenten over “(1) een overzicht van alle gegunde en uitgevoerde opdrachten vanuit de Nederlandse rijksoverheid (uitgesplitst per departement) door Campagnebureau BKB OVV het hiervoor toegekende bedrag voor de periode 2010 tot heden (ex nunc); (2) onderliggend aan dit overzicht heeft het verzoek in ieder geval betrekking op de volgende documenten: data, vorm, strekking en notulen/verslagen/anderszins weergaven van ieder onderling contact over Campagnebureau BKB en de vraag in hoeverre deze geschikt zou zijn voor de communicatie van bepaald overheidsbeleid, sinds 2010 tot heden; (3) Interne en e",Ik heb besloten (deels) aan uw verzoek tegemoet te komen en de informatie waarom u verzocht openbaar te maken.,
/home/julian/GitHub/uva-thesis-document-splitting/data/test/Bes-wob-besluit-contacten-shell.pdf,Bes-wob-besluit-contacten-shell.pdf,1,0,1-7-2021,26-3-2021,1,9,"1,3,10,11","de Europese Gasrichtlijn (2009/73/EC) en het gasinfrastructuurproject Nord Stream 2. U vraagt documenten over: 1. Contact en ontmoetingen tussen het ministerie en Shell Nederland, Shell Companies en Royal Dutch Shell plc aangaande de Europese Gasrichtlijn (2009/73EC) in de periode 01-01-2017 tot en met 26 maart 2021. 2. Contact en ontmoetingen tussen het ministerie en Shell Nederland, Shell Companies en Royal Dutch Shell plc aangaande gasinfrastructuurproject Nord Stream 2 in de periode 01-01-2017 tot en met 26 maart 2021.","Ik heb besloten (deels) aan uw verzoek tegemoet te komen informatie waarom u verzocht, openbaar te maken.",
/home/julian/GitHub/uva-thesis-document-splitting/data/test/Bes-wob-besluit-contact-met-van-kansspelen-en-het-coronabeleid.pdf,Bes-wob-besluit-contact-met-van-kansspelen-en-het-coronabeleid.pdf,1,0,24-2-2021,10-11-2020,0,,,"alle communicatie vanaf 1 maart 2020 van het ministerie van AZ en vertegenwoordigers daarvan met VAN Kansspelen en vertegenwoordigers van deze Organisatie over beleid naar aanleiding van coronabesmettingen. Daarbij vraagt u uitdrukkelijk ook naar communicatie van de premier, per sms en app incluis, met VAN Kansspelen en vertegenwoordigers daarvan zoals Frits H uffnag eI - Met coronabeleid bedoelt u bijvoorbeeld het wel of niet open mogen blijven van vestigingen van leden van VAN Kansspelen en/of maatregelen om in aangepaste vorm open te mogen blijven en alle discussie daarover. Ten slotte verzoekt u om alle ambtelijke memo’s vanaf 1 maart 2020 met betrekking tot het wel of niet mogen openblijven van specifiek casino’s.",,
/home/julian/GitHub/uva-thesis-document-splitting/data/test/Bes-Wob-besluit-koerslijsten-gebruikte-autos.pdf,Bes-Wob-besluit-koerslijsten-gebruikte-autos.pdf,0,0,,,,,,,,
/home/julian/GitHub/uva-thesis-document-splitting/data/test/Bes-Wob-besluit+-+Masterplan+Parkhaven.pdf,Bes-Wob-besluit+-+Masterplan+Parkhaven.pdf,1,0,11-12-2020,20-10-2020,1,7,"1,3,6,10",alle correspondentie tussen de Rijksdienst voor het Cultureel Erfgoed (hierna: RCE) en andere betrokken partijen bij het Masterplan Parkhaven openbaar te maken.,"Ik heb besloten deels aan uw verzoek tegemoet te komen en de documenten met de nummers 33, 36, 38, 39, 45 en 46 openbaar te maken. De documenten met de nummers 1 t/m 29, 31, 32, 42 en 47 maak ik openbaar met uitzondering van de daarin opgenomen persoonsgegevens. De documenten met de nummers 34, 35, 37, 40, 41, 43 en 44 maak ik in het geheel niet openbaar.",
/home/julian/GitHub/uva-thesis-document-splitting/data/test/Bes-Wob-besluit+mbt+lagere+regelgeving+kansspelen+op+afstand+en+registratieverplichtingen.pdf,Bes-Wob-besluit+mbt+lagere+regelgeving+kansspelen+op+afstand+en+registratieverplichtingen.pdf,1,0,10-11-2020,16-7-2020,0,,,de ontwerpversies van het Besluit kansspelen op afstand en de Regeling kansspelen op afstand.,"Ik heb besloten deels aan uw verzoek tegemoet te komen en de informatie waarom u verzocht, opgenomen in de documenten met nummers A.01, A.03, A.05, A.07, A.08, B.01-B.03, B.04a, B.05, B.05b-B.28 gedeeltelijk openbaar te maken. De documenten met nummers A.04, B.04 en B.05a maak ik geheel openbaar. De documenten met nummers A.02 en A.06 zijn reeds openbaar.",
/home/julian/GitHub/uva-thesis-document-splitting/data/test/Bes-Wob+besluit+over+overeenkomst+met+Stem+op+een+Vrouw.pdf,Bes-Wob+besluit+over+overeenkomst+met+Stem+op+een+Vrouw.pdf,1,0,9-3-2021,19-10-2020,1,"7,8,9,10,11","1,10",de overdracht van het netwerk 'Politieke Vrouwen' aan de stichting 'Stem op een Vrouw'.,"Ik heb besloten de documenten met nummers 1, 2, 3 en 6 openbaar te maken met ultzondering van de daarin vermelde persoonsgegevens. Voor de motlvering verwijs Ik naar het onderdeel 'Overweglngen' onder'Eerbledlging van de persoonlljke levenssfeer' van dit besluit. Ik heb besloten om document 4 niet openbaar te maken. Voor de motlvering verwijs Ik naar de overweglngen onder'Onevenredlge bevoordeling of benadeling' van dIt besluit. Het document met nummer 5 Is reeds openbaar.",
/home/julian/GitHub/uva-thesis-document-splitting/data/test/Bes-wob-deelbesluit-aangaande-scenarios-en-maatregelen-in-de-periode-van-maart-2020.pdf,Bes-wob-deelbesluit-aangaande-scenarios-en-maatregelen-in-de-periode-van-maart-2020.pdf,1,0,30-9-2021,,0,,"1,3,10,11",Covid-19.,"Ik besluit de door u gevraagde informatie grotendeels openbaar te maken. Met dit deelbesluit maak ik een deel van de door u verzochte informatie openbaar, te weten de informatie die ziet op het deelonderwerp 'scenario's en maatregelen' over de maand maart 2020.",Covid mass decision
"/home/julian/GitHub/uva-thesis-document-splitting/data/test/Bes-Wob-verzoek+geregistreerde+percelen,+diertelgegevens,+subsidies+en+mestadministratie+van+De+Schapen+van+Paramoudra.pdf","Bes-Wob-verzoek+geregistreerde+percelen,+diertelgegevens,+subsidies+en+mestadministratie+van+De+Schapen+van+Paramoudra.pdf",1,0,9-12-2020,1-9-2020,1,"10,11","1,6,10","het bedrijf ‘De Schapen van Paramoudra’: 1a. Documenten over de gewaspercelen van dit bedrijf in ‘Percelen registreren’. 1b. De gecombineerde opgave, inclusief de opgegeven aantallen schapen, van de afgelopen jaren. 2. Informatie over inkomsten of subsidies per jaar die aan dit bedrijf verstrekt zijn. 3. Alle bij de Rijksdienst voor Ondernemend Nederland (hierna: RVO) bekende registraties welke gelinkt zijn aan het bedrijf ‘De Schapen van Paramoudra’ en daarnaast de gemeente De Fryske Marren. 4. Informatie over de verplichtingen die het genoemde bedrijf heeft, dan wel de gemeente De Fryske Marren heeft, ten aanzien van de mestwetgeving.","Ik heb besloten aan uw verzoek tegemoet te komen en de informatie waar u om heeft verzocht, opgenomen in de documenten met nummers 1 tot en met 19 gedeeltelijk openbaar te maken.",
/home/julian/GitHub/uva-thesis-document-splitting/data/test/Bes-Wob-verzoek+II+KLM+steunmaatregelenpakket.pdf,Bes-Wob-verzoek+II+KLM+steunmaatregelenpakket.pdf,0,0,,,,,,,,
/home/julian/GitHub/uva-thesis-document-splitting/data/test/Bes-wob-verzoek-inz-coronamaatregelen-op-scholen-1.pdf,Bes-wob-verzoek-inz-coronamaatregelen-op-scholen-1.pdf,0,0,,,,,,,,
/home/julian/GitHub/uva-thesis-document-splitting/data/test/Bes-wob-verzoek-inz-coronamaatregelen-op-scholen-2.pdf,Bes-wob-verzoek-inz-coronamaatregelen-op-scholen-2.pdf,0,0,,,,,,,,
/home/julian/GitHub/uva-thesis-document-splitting/data/test/Bes-wob-verzoek-inz-coronamaatregelen-op-scholen-19.pdf,Bes-wob-verzoek-inz-coronamaatregelen-op-scholen-19.pdf,0,0,,,,,,,,
/home/julian/GitHub/uva-thesis-document-splitting/data/test/Bes-Wob-verzoek+om+informatie+over+aanvragen+(STEP++en+RVV+Verduurzaming+in+de+periode+van+1+januari+2018+tot+20+oktober+2020.pdf,Bes-Wob-verzoek+om+informatie+over+aanvragen+(STEP++en+RVV+Verduurzaming+in+de+periode+van+1+januari+2018+tot+20+oktober+2020.pdf,1,0,13-11-2020,19-10-2020,0,,1,documenten met specifieke informatie over de communicatie tussen RVO en openbaar te maken. De informatie moet betrekking hebben op het adres het adres “ ”. Uw verzoek richt zich op aanvragen in de Stimuleringsregeling energieprestatie huursector (STEP) en/of Regeling Vermindering Verhuurdersheffing Verduurzaming (RVV Verduurzaming) in de periode van 1 januari 2018 tot en met heden.,Ik heb besloten uw verzoek af te wijzen aangezien er geen document bij het ministerie is met de door u gevraagde informatie.,
/home/julian/GitHub/uva-thesis-document-splitting/data/test/Bes-Wob-verzoek+over+belastingverdrag+tussen+Nederland+en+Duitsland.pdf,Bes-Wob-verzoek+over+belastingverdrag+tussen+Nederland+en+Duitsland.pdf,1,0,18-8-2021,5-11-2020,1,5,"10,11","het tussen Nederland en Duitsland afgesloten Belastingverdrag dat in 2016 is ingegaan. U vraagt documenten die antwoord geven op de volgende vragen: 1. Wie waren de onderhandelaars van bovenstaand verdrag aan Nederlandse kant met hun toenmalige functie? 2. Wie waren de onderhandelaars van bovenstaand verdrag aan Duitse kant met hun toenmalige functie? 3. Wanneer, om welke reden en hoe is de kunstmatige grens van 15.000€ voor het eerst in het verdrag gekomen?",Ik besluit de door u gevraagde informatie gedeeltelijk openbaar te maken. Ik licht mijn besluit hieronder toe.,
/home/julian/GitHub/uva-thesis-document-splitting/data/test/Bes-Wob-verzoek+over+de+pony’s+van+Eemnes.pdf,Bes-Wob-verzoek+over+de+pony’s+van+Eemnes.pdf,1,0,7-10-2021,3-5-2021,1,6,,de pony’s van Eemnes.,"Ik heb besloten aan uw verzoek tegemoet te komen en de informatie waarom u verzocht, deels openbaar te maken.",
/home/julian/GitHub/uva-thesis-document-splitting/data/test/Bes-Wob-verzoek-over-Patrimonium-Woonservice.pdf,Bes-Wob-verzoek-over-Patrimonium-Woonservice.pdf,0,1,,,,,,,,image-based PDF
/home/julian/GitHub/uva-thesis-document-splitting/data/test/Bij-.19-1395+te+openbare+documenten.pdf,Bij-.19-1395+te+openbare+documenten.pdf,0,0,,,,,,,,
/home/julian/GitHub/uva-thesis-document-splitting/data/test/Bij-211020+Besluit+en+documenten.pdf,Bij-211020+Besluit+en+documenten.pdf,1,0,29-9-2021,29-11-2020,0,,,een speeltoestel in een speeltuin waarover u een melding heeft ingediend. U vraagt naar het onderzoeksrapport waarin mankementen zijn genoemd en naar de maatregelen die aan de eigenaar van het park zijn opgelegd.,"Ik heb besloten deels aan uw verzoek tegemoet te komen en de informatie waarom u verzocht, gedeeltelijk openbaar te maken.",
/home/julian/GitHub/uva-thesis-document-splitting/data/test/Bij-Besluit+en+openbaar+gemaakte+documenten.pdf,Bij-Besluit+en+openbaar+gemaakte+documenten.pdf,1,0,4-12-2020,1-7-2020,1,6,1,"Technology Readiness Levels (TRLs). Bijlage(n) U vraagt documenten over de uitgaven aan en inkomsten van EZK aan innovaties, onderverdeeld in Technologie Readiness Levels (TRL). Concreet vraagt u om een onderverdeling van de uitgaven aan en inkomsten van EZK aan innovaties onderverdeeld in drie categorieën, namelijk TRL 1-2, inclusief innovaties waar een octrooiaanvraag bij betrokken is, TRL 3-8 en TRL 9.","Ik heb besloten (deels) aan uw verzoek tegemoet te komen en de informatie waarom u verzocht, opgenomen in de documenten met nummers 1 en 2 openbaar te maken.",
/home/julian/GitHub/uva-thesis-document-splitting/data/test/Bij-deels-openbare-documenten.pdf,Bij-deels-openbare-documenten.pdf,0,0,,,,,,,,
/home/julian/GitHub/uva-thesis-document-splitting/data/test/Bij-definitieve-set-documenten-inz-np-onderwijs-deel-4.pdf,Bij-definitieve-set-documenten-inz-np-onderwijs-deel-4.pdf,0,0,,,,,,,,
/home/julian/GitHub/uva-thesis-document-splitting/data/test/Bij-DGSenB+-+Medialogica+-+Voor+publicatie+-+Document+-+2+van+5.pdf,Bij-DGSenB+-+Medialogica+-+Voor+publicatie+-+Document+-+2+van+5.pdf,0,0,,,,,,,,
/home/julian/GitHub/uva-thesis-document-splitting/data/test/Bij-document+9.pdf,Bij-document+9.pdf,0,0,,,,,,,,
/home/julian/GitHub/uva-thesis-document-splitting/data/test/Bij-Document+2.pdf,Bij-Document+2.pdf,0,0,,,,,,,,
/home/julian/GitHub/uva-thesis-document-splitting/data/test/Bij-documenten.pdf,Bij-documenten.pdf,0,0,,,,,,,,
/home/julian/GitHub/uva-thesis-document-splitting/data/test/Bij-documenten-19-1084.pdf,Bij-documenten-19-1084.pdf,0,0,,,,,,,,
/home/julian/GitHub/uva-thesis-document-splitting/data/test/Bij-documenten-2020-33-deel-1.pdf,Bij-documenten-2020-33-deel-1.pdf,0,0,,,,,,,,
/home/julian/GitHub/uva-thesis-document-splitting/data/test/Bij-Documenten+bij+besluit+op+Wob+verzoek+over+terrein+Commandopost+Clingendael+en+voormalige+Prinses+Julianakazerne.pdf,Bij-Documenten+bij+besluit+op+Wob+verzoek+over+terrein+Commandopost+Clingendael+en+voormalige+Prinses+Julianakazerne.pdf,0,0,,,,,,,,
/home/julian/GitHub/uva-thesis-document-splitting/data/test/Bij-Documenten+i-criterium+deel+3.pdf,Bij-Documenten+i-criterium+deel+3.pdf,0,0,,,,,,,,
/home/julian/GitHub/uva-thesis-document-splitting/data/test/Bij-Openbaar+gemaakte+documenten+deel+1.pdf,Bij-Openbaar+gemaakte+documenten+deel+1.pdf,0,0,,,,,,,,
/home/julian/GitHub/uva-thesis-document-splitting/data/test/Bij-Openbaar+te+maken+documenten.pdf,Bij-Openbaar+te+maken+documenten.pdf,0,0,,,,,,,,
/home/julian/GitHub/uva-thesis-document-splitting/data/test/Inv-20-0774+Wob+besluit+inventarisatielijst+en+documenten+(2).pdf,Inv-20-0774+Wob+besluit+inventarisatielijst+en+documenten+(2).pdf,1,0,2-4-2021,22-10-2020,1,6,,"specifieke klachten van pup kopers, die de afgelopen 10 jaar zijn binnen gekomen bij de NVWA.",Ik heb besloten deels aan uw verzoek tegemoet te komen. Ik zal de informatie waarom u verzocht gedeeltelijk openbaar te maken met toepassing van de uitzonderingsgronden van de Wob.,
/home/julian/GitHub/uva-thesis-document-splitting/data/test/Inv-2021-0418-inventaris.pdf,Inv-2021-0418-inventaris.pdf,0,0,,,,,,,,
/home/julian/GitHub/uva-thesis-document-splitting/data/test/Inv-Deelbesluit+1+en+Inventarislijst+WOB-verzoek+Pelagische+visserij.pdf,Inv-Deelbesluit+1+en+Inventarislijst+WOB-verzoek+Pelagische+visserij.pdf,1,0,15-9-2021,8-10-2020,1,"11,12,13,14,15,16,17,18,19","1,3,6,7,10,11","externe contacten inzake pelagische visserij. U vraagt om: A. Alle correspondentie opgesteld tussen 1 januari 2012 en 1 oktober 2020 die verband houdt met pelagische visserij-activiteiten, tussen mijn ministerie en Nederlandse en buitenlandse firma’s, samenwerkingsverbanden en personen. B. Alle interne correspondentie waarin bovengenoemde contacten worden besproken. C. Alle correspondentie tussen mijn ministerie en het ministerie van Algemene Zaken en/of premier Mark Rutte betreffende pelagische visserij-activiteiten bij de Faeroer-eilanden en het daarop door de Faeroerse en/of Deense regering gevoerde beleid. Vermoedelijk is deze correspondentie beperkt tot het jaar 2017.",Ik heb besloten een deel van de documenten openbaar te maken met uitzondering van de daarin vermelde persoonsgegevens.,
/home/julian/GitHub/uva-thesis-document-splitting/data/test/Inv-inventarislijst.pdf,Inv-inventarislijst.pdf,0,0,,,,,,,,
/home/julian/GitHub/uva-thesis-document-splitting/data/test/Inv-inventarislijst-1e-deelbesluit-wob-bedrijfsdossier-van-tata-steel-doc-1-140.pdf,Inv-inventarislijst-1e-deelbesluit-wob-bedrijfsdossier-van-tata-steel-doc-1-140.pdf,0,0,,,,,,,,
/home/julian/GitHub/uva-thesis-document-splitting/data/test/Inv-Inventarislijst.pdf,Inv-Inventarislijst.pdf,0,0,,,,,,,,
/home/julian/GitHub/uva-thesis-document-splitting/data/test/Inv-Inventarislijst+2020-61.pdf,Inv-Inventarislijst+2020-61.pdf,0,0,,,,,,,,
/home/julian/GitHub/uva-thesis-document-splitting/data/test/Inv-inventarislijst+beslissing+op+bezwaar+tegen+wob-besluit+over+groei+schiphol+op+middellange+termijn.pdf,Inv-inventarislijst+beslissing+op+bezwaar+tegen+wob-besluit+over+groei+schiphol+op+middellange+termijn.pdf,0,0,,,,,,,,
/home/julian/GitHub/uva-thesis-document-splitting/data/test/Inv-Inventarislijst+bij+beschikking+4.2021.0324.001.pdf,Inv-Inventarislijst+bij+beschikking+4.2021.0324.001.pdf,0,0,,,,,,,,
/home/julian/GitHub/uva-thesis-document-splitting/data/test/Inv-inventarislijst+bij+besluit+op+wob-verzoek+over+de+kwestie+van+de+Armeense+genocide.pdf,Inv-inventarislijst+bij+besluit+op+wob-verzoek+over+de+kwestie+van+de+Armeense+genocide.pdf,0,0,,,,,,,,
/home/julian/GitHub/uva-thesis-document-splitting/data/test/Inv-inventarislijst+bij+besluit+op+wob-verzoek+over+europese+regelgeving+aangaande+securitisatie.pdf,Inv-inventarislijst+bij+besluit+op+wob-verzoek+over+europese+regelgeving+aangaande+securitisatie.pdf,0,0,,,,,,,,
/home/julian/GitHub/uva-thesis-document-splitting/data/test/Inv-Inventarislijst+deel+1.pdf,Inv-Inventarislijst+deel+1.pdf,0,0,,,,,,,,
/home/julian/GitHub/uva-thesis-document-splitting/data/test/Inv-Inventarislijst+Deel+2_2015+tot+2020.pdf,Inv-Inventarislijst+Deel+2_2015+tot+2020.pdf,0,0,,,,,,,,
/home/julian/GitHub/uva-thesis-document-splitting/data/test/Inv-Inventarislijst+WOB-verzoeken+documentaire+Sigrid+Kaag+van+Beiroet+tot+Binnenhof.pdf,Inv-Inventarislijst+WOB-verzoeken+documentaire+Sigrid+Kaag+van+Beiroet+tot+Binnenhof.pdf,0,0,,,,,,,,
/home/julian/GitHub/uva-thesis-document-splitting/data/test/Inv-inventaris-Wob-cryptodienstverlening.pdf,Inv-inventaris-Wob-cryptodienstverlening.pdf,0,0,,,,,,,,
/home/julian/GitHub/uva-thesis-document-splitting/data/test/Inv-Wob-besluit+inventarislijst.pdf,Inv-Wob-besluit+inventarislijst.pdf,0,0,,,,,,,,
